Charge,Metabolite
0,UREA_m
0,VAL_c
-2,GLYCEROL_3P_c
0,VAL_m
-2,aDCDP_p
-3,N_5_PHOSPHORIBOSYL_ANTHRANILATE_p
0,UREA_c
-1,ACETOACETATE_c
-3,CARBOXYPHENYLAMINO_DEOXYRIBULOSE_P_p
0,sSUCROSE_b
0,GLN_p
-2,aDELTA3_ISOPENTENYL_PP_p
0,3_oxo_hexanoyl_ACPs_p
-2,XYLULOSE_5_PHOSPHATE_p
0,GLN_v
0,GLN_m
-1,FORMATE_p
-1,FORMATE_m
0,pGLN_b
-2,XYLULOSE_5_PHOSPHATE_c
-1,FORMATE_c
-4,NADPH_c
-3,DADP_p
0,pVAL_b
-2,INDOLE_3_GLYCEROL_P_p
-4,CPD_1083_m
0,GLN_c
-2,aDELTA3_ISOPENTENYL_PP_c
-1,DEHYDROQUINATE_p
0,pPHE_b
-3,SHIKIMATE_5P_p
-1,L_ASPARTATE_x
0,PLASTOQUINOL_1_p
0,3_Oxo_octanoyl_ACPs_p
-4,ISOBUTYRYL_COA_x
-2,ALA_tRNAs_c
-2,MET_tRNAs_c
0,PHE_p
-4,NADPH_x
-2,bCPD_11281_m
0,VAL_v
-4,NADPH_p
-2,UDP_GLUCOSE_c
0,VAL_p
0,PHE_v
-4,CPD_650_x
-3,HYDROXY_METHYL_BUTENYL_DIP_p
-4,NADPH_m
-2,GLYCEROL_3P_p
0,MYO_INOSITOL_c
-4,PROPIONYL_COA_x
0,TYR_p
-3,sCIT_b
0,STARCH_p
0,L_CITRULLINE_p
-4,ISOBUTYRYL_COA_m
-4,PROPIONYL_COA_c
0,L_CITRULLINE_m
0,TYR_v
-4,ISOBUTYRYL_COA_c
0,PHE_c
-1,Charged_GLT_tRNAs_c
-4,PROPIONYL_COA_m
-2,GLC_6_P_p
-2,3_P_SERINE_p
0,L_CITRULLINE_c
-2,CHORISMATE_p
0,L_1_PHOSPHATIDYL_ETHANOLAMINE_r
-2,LYS_tRNAs_c
0,TYR_c
0,pTYR_b
-5,SUC_COA_m
-4,DPG_p
0,N_ALPHA_ACETYLORNITHINE_p
-2,aADP_c
-2,aADP_m
-2,aADP_p
-4,2_METHYL_3_HYDROXY_BUTYRYL_COA_c
-4,DPG_c
-4,2_METHYL_3_HYDROXY_BUTYRYL_COA_m
-2,GLC_6_P_c
-4,2_METHYL_3_HYDROXY_BUTYRYL_COA_x
-2,SUCROSE_6P_c
-3,PHOSPHORIBOSYL_CARBOXY_AMINOIMIDAZOLE_p
0,Charged_GLN_tRNAs_c
-2,SO3_m
0,CPD_1777_c
-2,AMP_c
0,PHOSPHATIDYL_CHOLINE_r
-1,PALMITATE_p
-2,SO3_p
-4,FRUCTOSE_16_DIPHOSPHATE_p
-4,2_METHYL_ACETO_ACETYL_COA_c
-2,sFUM_b
-1,PALMITATE_x
-4,2_METHYL_ACETO_ACETYL_COA_m
-1,PALMITATE_c
0,sGABA_b
-4,2_METHYL_ACETO_ACETYL_COA_x
0,Trans_D2_decenoyl_ACPs_p
-4,FRUCTOSE_16_DIPHOSPHATE_c
0,CPD_7014_p
-1,MALONATE_S_ALD_m
-4,aPRPP_p
-2,aCDP_m
-2,aCDP_p
0,CONIFERYL_ALCOHOL_c
-2,AMP_m
-2,aDADP_p
-2,AMP_p
-2,AMP_x
0,Charged_PHE_tRNAs_c
0,L_ALPHA_ALANINE_c
0,R_3_Hydroxypalmitoyl_ACPs_p
-2,THF_p
0,HOMO_CYS_c
-1,CPD_14927_c
0,Tetradec_2_enoyl_ACPs_p
-1,CPD_14927_x
-2,THF_m
0,L_ALPHA_ALANINE_v
0,L_ALPHA_ALANINE_x
-2,CARBAMYUL_L_ASPARTATE_p
-2,THF_c
-1,CPD_14927_p
0,L_ALPHA_ALANINE_m
3,Cytochromes_C_Oxidized_mi
3,Cytochromes_C_Oxidized_mc
0,Cellulose_b
-1,5_10_METHENYL_THF_c
0,GLC_v
0,L_DELTA1_PYRROLINE_5_CARBOXYLATE_c
-4,METHACRYL_COA_m
0,HOMO_CYS_p
-2,GLT_tRNAs_c
-2,O_PHOSPHO_L_HOMOSERINE_p
-2,ACETYL_GLU_p
-1,aSO3_m
-1,CPD_11281_m
-2,APS_p
-1,L_DELTA1_PYRROLINE_5_CARBOXYLATE_m
0,CPD_7016_p
-1,aPi_x
-2,GLN_tRNAs_c
-1,aSO3_p
0,CHLOROPHYLL_B_p
-1,ANTHRANILATE_p
-3,ADP_c
0,HISTIDINAL_p
0,SER_p
-2,ADP_D_GLUCOSE_p
0,SER_m
-2,aGERANYLGERANYL_PP_p
-1,CPD_5441_c
-2,3_DEHYDRO_SHIKIMATE_p
0,SER_c
-1,NITRATE_e
3,FeIII_c
-1,NITRATE_c
2,Oxidized_Plastocyanins_p
0,SER_x
0,SUCROSE_e
0,FRUCTAN_v
0,SER_v
-2,GAP_c
0,SUCROSE_c
-1,NITRATE_v
-2,PHOSPHORIBOSYL_FORMAMIDO_CARBOXAMIDE_p
-2,GAP_p
0,SUCROSE_v
-3,ADP_m
-3,ADP_p
-1,NAD_c
-1,NAD_m
-4,3_ENOLPYRUVYL_SHIKIMATE_5P_p
-1,NAD_p
-1,aPi_c
-1,NAD_x
-5,bDGTP_p
-2,OXIDIZED_GLUTATHIONE_m
-2,OXIDIZED_GLUTATHIONE_p
-1,P_HYDROXY_PHENYLPYRUVATE_p
-2,4_FUMARYL_ACETOACETATE_c
0,INDOLE_p
-2,CMP_m
1,K_b
-2,CMP_p
0,CHLOROPHYLLIDE_A_p
0,aCPD_11281_m
-2,P_HYDROXY_PHENYLPYRUVATE_c
-2,ACYL_SN_GLYCEROL_3P_p
1,CDP_ETHANOLAMINE_m
0,pCYS_b
0,WATER_e
0,Myristoyl_ACPs_p
0,WATER_c
0,Charged_TYR_tRNAs_c
0,L_GLUTAMATE_GAMMA_SEMIALDEHYDE_c
-2,5_PHOSPHORIBOSYL_N_FORMYLGLYCINEAMIDINE_p
-1,a5_PHOSPHORIBOSYL_5_AMINOIMIDAZOLE_p
0,WATER_x
1,Plastocyanin_Reduced_p
0,WATER_v
-3,CPD_4211_p
0,L_GLUTAMATE_GAMMA_SEMIALDEHYDE_m
0,WATER_p
0,2_Octenoyl_ACPs_p
0,WATER_m
-3,PHYTYL_PYROPHOSPHATE_p
-2,aL_GLUTAMATE_5_P_c
2,MGII_e
0,LL_DIAMINOPIMELATE_p
2,MGII_c
-3,L_GLUTAMATE_5_P_c
-2,5_PHOSPHO_RIBOSYL_GLYCINEAMIDE_p
2,Oxidized_ferredoxins_p
-1,PYRUVATE_c
-5,GLUTACONYL_COA_x
-1,DIOH_ISOVALERATE_p
0,ACETALD_m
0,ETOH_c
-4,DATP_p
-5,GLUTACONYL_COA_c
-2,sMAL_b
2,MGII_v
-5,GLUTACONYL_COA_m
-4,3_METHYL_CROTONYL_COA_m
-3,bOXIDIZED_GLUTATHIONE_m
1,PROTON_v
-1,HCO3_m
-3,bOXIDIZED_GLUTATHIONE_p
-1,3_HYDROXY_PROPIONATE_m
1,PROTON_p
1,PROTON_l
-1,HCO3_c
1,PROTON_m
-1,PYRUVATE_x
1,PROTON_i
-1,PYRUVATE_m
-1,3_HYDROXY_PROPIONATE_x
-1,PYRUVATE_p
-2,DELTA1_PIPERIDEINE_2_6_DICARBOXYLATE_p
0,GLC_p
0,GLC_c
0,GLC_e
-3,2_PG_p
1,PROTON_x
-1,GLT_m
-1,GLT_p
0,TRP_c
-1,GLT_c
-1,CPD_318_p
1,PROTON_c
1,PROTON_e
0,TRP_p
0,TRP_v
0,pTRP_b
-4,DUTP_p
-1,GLT_v
-1,HCO3_p
-1,GLT_x
-4,CO_A_c
-1,ACET_c
-2,LEU_tRNAs_c
-4,CO_A_m
0,Charged_CYS_tRNAs_c
-1,ACET_p
-4,CO_A_p
-1,ACET_m
1,Reduced_ferredoxins_p
-1,ACET_x
-4,CO_A_x
0,MANNITOL_1P_c
-3,UTP_p
-4,DGTP_p
-3,CDP_p
-3,2_PG_c
-3,CDP_m
-2,3_CARBOXY_3_HYDROXY_ISOCAPROATE_p
-4,2_METHYL_BUTYRYL_COA_m
-2,2_3_DIHYDRODIPICOLINATE_p
-4,UTP_c
-1,MALONYL_ACP_p
0,Charged_ASN_tRNAs_c
-1,SUCC_S_ALD_m
-2,aPHYTYL_PYROPHOSPHATE_p
-1,3_HYDROXY_PROPIONATE_c
0,CPD1F_130_p
-2,MAL_p
0,HIS_v
-2,MAL_m
0,ILE_v
0,HIS_p
0,ILE_p
-2,RIBULOSE_5P_c
-2,MAL_x
-2,MAL_v
-4,ACETOACETYL_COA_x
-2,PREPHENATE_p
0,L_CYSTATHIONINE_p
-2,RIBULOSE_5P_p
0,HIS_c
0,FRU_v
0,HIS_m
-2,GDP_MANNOSE_c
-2,MAL_c
0,HOMO_SER_p
-3,CPD_510_c
0,Charged_HIS_tRNAs_c
-4,PHOSPHORIBOSYL_AMP_p
-2,ASP_tRNAs_c
0,CPD1F_114_p
0,Charged_LEU_tRNAs_c
0,Red_Thioredoxin_p
0,aHS_c
-2,ERYTHROSE_4P_p
-3,CPD_67_p
-1,CPD_469_p
-1,bCYS_m
0,Charged_ALA_tRNAs_c
0,FRU_c
-2,FRUCTOSE_6P_p
0,S_ADENOSYLMETHIONINE_c
-2,METHYLENE_THF_m
-2,METHYLENE_THF_p
-1,aHOMOGENTISATE_c
-2,FRUCTOSE_6P_c
-2,METHYLENE_THF_c
-1,L_DEHYDRO_ASCORBATE_p
0,MET_p
-2,5_P_RIBOSYL_N_FORMYLGLYCINEAMIDE_p
0,UBIQUINOL_mc
-2,2K_ADIPATE_c
0,Octanoyl_ACPs_p
0,UBIQUINOL_mi
-1,L_ASPARTATE_c
-1,L_ASPARTATE_m
0,MET_c
-1,L_ASPARTATE_p
-1,L_ASPARTATE_v
0,3_oxo_decanoyl_ACPs_p
0,ADENOSYL_HOMO_CYS_c
-2,MANNOSE_6P_c
-4,ATP_p
-4,ATP_m
1,bHISTIDINAL_p
-4,ADENYLOSUCC_p
-4,ATP_c
-2,2K_ADIPATE_m
-1,L_DEHYDRO_ASCORBATE_m
-1,L_ARGININO_SUCCINATE_p
0,pMET_b
-4,ATP_x
0,CYS_v
0,pILE_b
0,Palmitoyl_ACPs_p
1,ETHANOL_AMINE_c
-2,RIBOSE_5P_p
-3,UDP_GLUCURONATE_c
0,CYS_p
0,CARBON_DIOXIDE_x
0,CYS_m
0,ILE_c
0,CARBON_DIOXIDE_p
-1,a5_PHOSPHO_RIBOSYL_GLYCINEAMIDE_p
0,CARBON_DIOXIDE_m
0,pHIS_b
-1,3_KETOBUTYRATE_m
0,MET_v
0,CYS_c
0,ILE_m
0,CARBON_DIOXIDE_e
0,CARBON_DIOXIDE_c
-2,FUM_p
-2,FUM_m
-2,2_KETOGLUTARATE_c
0,2_Hexadecenoyl_ACPs_p
-2,DUMP_c
-2,FUM_c
0,Protein_polymerisation_cost_c
-1,2_OXOBUTANOATE_p
-2,DUMP_p
-2,2_KETOGLUTARATE_m
-2,DUMP_m
0,Butanoyl_ACPs_p
-2,aCIT_v
-2,UMP_p
0,Charged_THR_tRNAs_c
-2,2_KETOGLUTARATE_p
-2,IMIDAZOLE_ACETOL_P_p
-2,2_KETOGLUTARATE_x
-4,bDGDP_p
-1,2K_4CH3_PENTANOATE_m
-1,2K_4CH3_PENTANOATE_p
-2,FUM_v
-2,Pi_x
-2,GMP_p
-2,sSUC_b
-1,aGMP_c
2,Cytochromes_C_Reduced_mi
-4,CPD_12173_m
0,FattyAcid_b
-2,DIHYDROFOLATE_m
0,Beta_3_hydroxybutyryl_ACPs_p
-3,aDGTP_p
-2,VAL_tRNAs_c
-3,aDUTP_p
-3,CIS_ACONITATE_c
-2,GMP_c
-3,CIS_ACONITATE_m
0,MALTOSE_p
2,Cytochromes_C_Reduced_mc
-1,Charged_ASP_tRNAs_c
0,CELLULOSE_c
-2,4_MALEYL_ACETOACETATE_c
-1,GLYOX_x
0,3_oxo_dodecanoyl_ACPs_p
1,bHIS_v
-4,CTP_m
0,MALTOSE_c
-2,UDP_D_XYLOSE_c
-4,CTP_p
-3,DGDP_p
2,CAII_v
-1,1_KETO_2_METHYLVALERATE_p
-4,DCTP_p
2,CAII_c
-3,GDP_c
2,CAII_e
-1,aP_HYDROXY_PHENYLPYRUVATE_c
-2,Pi_c
-3,GDP_m
-1,L_HISTIDINOL_P_p
-2,TYR_tRNAs_c
-1,CPD_468_c
-3,aDTTP_c
0,Pi_e
-3,GDP_p
-1,aP_HYDROXY_PHENYLPYRUVATE_p
-2,Pi_p
-2,Glycerol_b
-2,Pi_m
-3,DUDP_p
-4,CROTONYL_COA_x
1,HISTIDINOL_p
-3,XANTHOSINE_5_PHOSPHATE_c
-3,UDP_p
0,PLASTOQUINONE_p
-2,aIMP_c
0,Charged_ILE_tRNAs_c
-4,DTTP_c
-2,1_L_MYO_INOSITOL_1_P_c
-3,THREO_DS_ISO_CITRATE_x
-2,L_PHOSPHATIDATE_p
0,PHYTOL_p
2,Reduced_Ferroproteins_m
0,UBIQUINONE_mi
-3,UDP_c
-2,CARBAMOYL_P_p
0,UBIQUINONE_mc
-2,SULFATE_e
-2,CPD_7100_p
-2,SULFATE_c
-3,NADP_x
-2,SULFATE_p
-2,SULFATE_m
-3,NADP_p
-1,NITRITE_p
1,ARG_p
1,ARG_m
-3,NADP_m
-2,GLC_1_P_c
2,Ca_b
-1,NITRITE_c
-3,NADP_c
1,ARG_v
-1,2_ACETO_LACTATE_p
-2,GDP_D_GLUCOSE_c
0,OXYGEN_MOLECULE_e
0,OXYGEN_MOLECULE_c
1,ARG_c
0,sGLN_b
-2,ARG_tRNAs_c
-3,aGTP_c
1,pARG_b
-2,HOMOGENTISATE_c
-2,GLC_1_P_p
-3,aGTP_m
0,ACP_p
0,Charged_PRO_tRNAs_c
-2,DTMP_m
-3,aGTP_p
0,PRO_tRNAs_c
0,3_HYDROXY_PROPIONYL_COA_x
-1,DI_H_OROTATE_p
-4,3_HYDROXY_PROPIONYL_COA_m
-2,DTMP_c
-3,CIT_m
0,ACETALD_c
-3,CIT_c
-6,PHOSPHORIBOSYL_ATP_p
0,Dodecanoyl_ACPs_p
0,aPHOSPHORYL_ETHANOLAMINE_c
0,HYDROGEN_PEROXIDE_p
-3,CIT_x
-3,IMP_c
-3,CIT_v
0,HYDROGEN_PEROXIDE_x
0,HYDROGEN_PEROXIDE_c
0,Charged_VAL_tRNAs_c
-2,HIS_tRNAs_c
0,MESO_DIAMINOPIMELATE_p
0,3_Hydroxy_octanoyl_ACPs_p
0,aPHOSPHORYL_ETHANOLAMINE_m
0,HYDROGEN_PEROXIDE_m
-1,aMAL_v
-2,IMP_p
-2,2_D_THREO_HYDROXY_3_CARBOXY_ISOCAPROATE_p
-5,MALONYL_COA_p
-2,D_SEDOHEPTULOSE_7_P_p
-2,aUDP_p
-4,ACETYL_COA_p
0,OXYGEN_MOLECULE_x
-4,ACETYL_COA_m
0,Hexanoyl_ACPs_p
-2,aUDP_c
-1,GLYCERATE_c
0,OXYGEN_MOLECULE_p
0,Ox_Thioredoxin_p
-1,PHOSPHORYL_CHOLINE_c
-4,ACETYL_COA_c
0,OXYGEN_MOLECULE_m
-1,GLYCERATE_p
0,CPD_7015_p
0,R_3_hydroxyhexanoyl_ACPs_p
-3,bGMP_p
-4,PHOSPHORIBOSYL_FORMIMINO_AICAR_P_p
-5,TRANS_3_METHYL_GLUTACONYL_COA_m
-2,ASN_tRNAs_c
-2,GLY_tRNAs_c
-1,GLYCERATE_x
0,Starch_b
-3,bGMP_c
0,CYS_tRNAs_c
-1,PHOSPHORYL_CHOLINE_m
-4,ACETYL_COA_x
0,Crotonyl_ACPs_p
0,pASN_b
-2,aDUDP_p
0,DIACYLGLYCEROL_r
-2,L_BETA_ASPARTYL_P_p
0,aCPD_5441_c
0,DIACYLGLYCEROL_p
0,ADENOSINE_c
0,Beta_hydroxydecanoyl_ACPs_p
-1,2_KETO_3_METHYL_VALERATE_m
1,Charged_LYS_tRNAs_c
0,ACETYLSERINE_p
-1,2_KETO_3_METHYL_VALERATE_p
-3,CPD_2961_c
-2,SER_tRNAs_c
-3,CPD_2961_p
0,pSER_b
-1,HS_c
0,Charged_MET_tRNAs_c
0,Xylan_b
-3,G3P_c
-1,HS_p
0,4_AMINO_BUTYRATE_m
-1,CPD_659_p
0,Heteroglycans_c
0,4_AMINO_BUTYRATE_v
0,CPD1F_131_p
0,THR_p
-1,sASP_b
1,KI_v
-2,MANNOSE_1P_c
0,THR_c
-2,aPPI_x
-4,ACRYLYL_COA_x
-1,SHIKIMATE_p
-1,ASCORBATE_p
-4,D_RIBULOSE_15_P2_p
-4,ACRYLYL_COA_m
-1,ASCORBATE_m
0,Photon_e
0,aCPD_406_c
-3,aDCTP_p
0,Photon_p
-2,aDGDP_p
-3,PPI_p
-2,aPPI_c
-4,ACRYLYL_COA_c
0,ACETYLSERINE_c
0,CHLOROPHYLL_A_p
-3,PPI_m
0,MANNITOL_c
-2,AICAR_p
-5,PRPP_p
-3,PPI_x
0,THR_v
-4,P_RIBOSYL_4_SUCCCARB_AMINOIMIDAZOLE_p
-2,aDTDP_c
0,pTHR_b
-3,PPI_c
-2,5_PHOSPHORIBOSYL_5_AMINOIMIDAZOLE_p
-2,DIHYDROXY_ACETONE_PHOSPHATE_c
0,pALA_b
-3,OROTIDINE_5_PHOSPHATE_p
0,R_3_hydroxydodecanoyl_ACPs_p
-2,DIHYDROXY_ACETONE_PHOSPHATE_p
0,bARG_p
-3,DCDP_p
-4,GTP_p
0,3_oxo_palmitoyl_ACPs_p
1,KI_e
1,KI_c
0,XYLAN_c
-2,THR_tRNAs_c
-3,DTDP_c
-3,aATP_x
0,4_AMINO_BUTYRATE_c
-4,GTP_m
-4,ISOVALERYL_COA_m
0,sSER_b
-4,GTP_c
-3,G3P_p
-1,pGLU_b
-1,CPD_406_c
-1,GLUTATHIONE_p
0,3_oxo_myristoyl_ACPs_p
-3,aATP_p
-4,bPPI_m
0,Protein_processing_cost_c
-1,GLUTATHIONE_m
-3,aATP_m
-4,bPPI_p
-3,aATP_c
0,Charged_GLY_tRNAs_c
-2,aHYDROXY_METHYL_BUTENYL_DIP_p
2,Mg_b
-2,aGDP_m
-2,aGDP_p
-2,OROTATE_p
-2,aGDP_c
-3,THREO_DS_ISO_CITRATE_c
-3,aCTP_m
-4,D_SEDOHEPTULOSE_1_7_P2_p
0,R_3_hydroxymyristoyl_ACPs_p
-1,SACCHAROPINE_c
-2,NADH_x
-3,THREO_DS_ISO_CITRATE_m
-2,a5_P_BETA_D_RIBOSYL_AMINE_p
-2,NADH_p
-3,aUTP_c
0,PRO_m
0,pPRO_b
-3,aCTP_p
-3,GERANYLGERANYL_PP_p
1,pLYS_b
3,Oxidized_Ferroproteins_m
0,LEU_v
-3,3_P_HYDROXYPYRUVATE_p
-2,NADH_m
-1,a5_PHOSPHORIBOSYL_N_FORMYLGLYCINEAMIDINE_p
-2,NADH_c
-2,aUTP_p
0,PRO_v
0,pLEU_b
0,Dodec_2_enoyl_ACPs_p
-3,aDATP_p
-2,CPD_9451_p
0,TRP_tRNAs_c
-2,SUC_c
-2,SUC_m
1,Charged_ARG_tRNAs_c
-2,5_METHYL_THF_c
-2,10_FORMYL_THF_c
0,PRO_c
0,Charged_TRP_tRNAs_c
-2,D_ERYTHRO_IMIDAZOLE_GLYCEROL_P_p
-2,5_METHYL_THF_p
-5,3_HYDROXY_3_METHYL_GLUTARYL_COA_m
0,sALA_b
-3,N_ACETYL_GLUTAMYL_P_p
-4,PHOSPHORIBULOSYL_FORMIMINO_AICAR_P_p
-2,SUC_x
-1,SUPER_OXIDE_p
-3,5_P_BETA_D_RIBOSYL_AMINE_p
-3,DELTA3_ISOPENTENYL_PP_p
-1,pASP_b
-1,PHOSPHORYL_ETHANOLAMINE_m
-1,OH_PYR_x
0,aPHOSPHORYL_CHOLINE_c
-1,2_KETO_ISOVALERATE_m
-1,2_KETO_ISOVALERATE_p
-1,SUPER_OXIDE_c
-1,GLUCURONATE_c
-2,D_6_P_GLUCONO_DELTA_LACTONE_c
-5,GLUTARYL_COA_m
-2,aXANTHOSINE_5_PHOSPHATE_c
1,AMMONIUM_c
-2,OXALACETIC_ACID_p
-2,PHE_tRNAs_c
-1,CH3_MALONATE_S_ALD_m
-2,10_FORMYL_THF_p
-2,OXALACETIC_ACID_m
-1,GLYCOLLATE_p
0,ALLYSINE_c
1,AMMONIUM_e
-1,GLYCOLLATE_x
-2,OXALACETIC_ACID_c
-2,ILE_tRNAs_c
0,Hex_2_enoyl_ACPs_p
0,MANNOSE_c
0,Protein_tranlocation_cost_c
0,CPD1F_133_p
-1,GLYCOLLATE_c
-3,DELTA3_ISOPENTENYL_PP_c
0,LEU_c
-3,3_DEOXY_D_ARABINO_HEPTULOSONATE_7_P_p
-2,aPHOSPHORIBOSYL_CARBOXY_AMINOIMIDAZOLE_p
0,LEU_p
1,AMMONIUM_p
1,LYS_p
0,Decanoyl_ACPs_p
-1,CPD_12175_m
0,LEU_m
1,AMMONIUM_m
1,LYS_m
0,ASN_c
2,FeII_c
-2,OXALACETIC_ACID_x
-1,3_MERCAPTO_PYRUVATE_m
1,LYS_v
1,AMMONIUM_v
-2,D_6_P_GLUCONO_DELTA_LACTONE_p
1,L_ORNITHINE_p
-1,sGLU_b
-1,CDP_CHOLINE_m
-3,PHOSPHO_ENOL_PYRUVATE_c
1,LYS_c
0,pGLY_b
0,Acetoacetyl_ACPs_p
-2,aCPD_4211_p
1,L_ORNITHINE_m
0,L_ASPARTATE_SEMIALDEHYDE_p
0,GLY_c
0,GLY_v
-1,2_ACETO_2_HYDROXY_BUTYRATE_p
-1,PHOSPHORYL_ETHANOLAMINE_c
0,GLY_x
-1,aFUM_v
1,L_ORNITHINE_c
0,ASN_v
-3,PHOSPHO_ENOL_PYRUVATE_p
0,GLY_m
0,GLY_p
0,Charged_SER_tRNAs_c
