Linker,Osmotic Coefficient
4_AMINO_BUTYRATE_v_me,0
LEU_v_me,0
GLY_v_me,0
VAL_v_me,0
L_ALPHA_ALANINE_v_me,0
ASN_v_me,0
MET_v_me,0
LYS_v_me,0
THR_v_me,0
ILE_v_me,0
SER_v_me,0
GLT_v_me,0
TRP_v_me,0
GLN_v_me,0
TYR_v_me,0
L_ASPARTATE_v_me,0
PRO_v_me,0
PHE_v_me,0
HIS_v_me,0
bHIS_v_me,0
CYS_v_me,0
ARG_v_me,0
4_AMINO_BUTYRATE_v_gc,1
LEU_v_gc,1
GLY_v_gc,1
VAL_v_gc,1
L_ALPHA_ALANINE_v_gc,1
ASN_v_gc,1
MET_v_gc,1
LYS_v_gc,1
THR_v_gc,1
ILE_v_gc,1
SER_v_gc,1
GLT_v_gc,1
TRP_v_gc,1
GLN_v_gc,1
TYR_v_gc,1
L_ASPARTATE_v_gc,1
PRO_v_gc,1
PHE_v_gc,1
HIS_v_gc,1
bHIS_v_gc,1
CYS_v_gc,1
ARG_v_gc,1
MAL_v_me,0
aMAL_v_me,0
SUCROSE_v_me,0
CIT_v_me,0
aCIT_v_me,0
Cl_a,0
FRU_a,0
GLC_a,0
K_a,0
MAL_a,0
NITRATE_a,0
SUCROSE_a,0
aMAL_a,0
CIT_c_gc,1
Cl_c_gc,1
FRU_c_gc,1
GLC_c_gc,1
K_c_gc,1
MAL_c_gc,1
NITRATE_c_gc,1
SUCROSE_c_gc,1
CIT_v_gc,1
Cl_v_gc,1
FRU_v_gc,1
GLC_v_gc,1
K_v_gc,1
MAL_v_gc,1
NITRATE_v_gc,1
SUCROSE_v_gc,1
aCIT_v_gc,1
aMAL_v_gc,1
STARCH_p_gc,0
STARCH_p_me,0
